Workbook

Sheet Model Data
A1: OpenAI / ChatGPT model comparison — Artificial Analysis Intelligence Index v4.3
A2: Source: artificialanalysis.ai/models, chart data read from the page on 2026-09-08. Derived columns (K onward on the Efficiency tab) are computed by formula from these inputs.
A4: Model | B4: Family | C4: Effort | D4: Intelligence Index | E4: Cost / Task ($) | F4: Output Tokens / Task | G4: Time / Task (min) | H4: Input $/M | I4: Output $/M | J4: Cache Hit $/M | K4: Blended $/M (7:2:1) | L4: Output Speed (tok/s) | M4: Latency TTFT (s) | N4: Context Window | O4: Omniscience Index | P4: Briefcase Elo | Q4: Total Cost, Full Index Run ($) | R4: Total Tokens, Full Index Run | S4: Reasoning Share of Output Tokens
A5: GPT-6 Astra (max) | B5: GPT-6 Astra | C5: max | D5: 52.814069 | E5: 3.26 | F5: 27205.5 | G5: 7.7875128 | H5: 10 | I5: 50 | J5: 1 | K5: 7.7 | L5: 59.208849 | M5: 322.5 | N5: 1000000 | O5: 43.4 | P5: 1562.01 | Q5: 5324 | R5: 60007725 | S5: 0.6135244
A6: GPT-6 Astra (xhigh) | B6: GPT-6 Astra | C6: xhigh | D6: 52.505903 | E6: 2.31 | F6: 16901.2 | G6: 5.0106465 | H6: 10 | I6: 50 | J6: 1 | K6: 7.7 | L6: 57.220437 | M6: 168.7 | N6: 1000000 | O6: 43.416667 | P6: 1533.73 | Q6: 3803 | R6: 37901142 | S6: 0.50780341
A7: GPT-6 Astra (high) | B7: GPT-6 Astra | C7: high | D7: 51.048072 | E7: 1.72 | F7: 11794.9 | G7: 3.5565496 | H7: 10 | I7: 50 | J7: 1 | K7: 7.7 | L7: 55.245968 | M7: 45.6 | N7: 1000000 | O7: 43.733333 | P7: 1493.87 | Q7: 2917 | R7: 26187637 | S7: 0.39912644
A8: GPT-6 Astra (medium) | B8: GPT-6 Astra | C8: medium | D8: 49.668536 | E8: 1.54 | F8: 9589.6 | G8: 2.9590342 | H8: 10 | I8: 50 | J8: 1 | K8: 7.7 | L8: 53.395795 | M8: 5.4 | N8: 1000000 | O8: 42.216667 | P8: 1450.6 | Q8: 2434 | R8: 18913587 | S8: 0.35681371
A9: GPT-5.6 Sol (max) | B9: GPT-5.6 Sol | C9: max | D9: 47.061357 | E9: 1.99 | F9: 29309.4 | G9: 6.8187467 | H9: 4 | I9: 20 | J9: 0.4 | K9: 3.08 | L9: 69.782607 | M9: 132.1 | N9: 1000000 | O9: 21.966667 | P9: 1475 | Q9: 3465 | R9: 89979207 | S9: 0.58958713
A10: GPT-6 Astra (low) | B10: GPT-6 Astra | C10: low | D10: 45.994499 | E10: 0.82 | F10: 4432.7 | G10: 1.4075482 | H10: 10 | I10: 50 | J10: 1 | K10: 7.7 | L10: 53.228557 | M10: 2.6 | N10: 1000000 | O10: 40.55 | P10: 1253.1 | Q10: 1537 | R10: 9994716 | S10: 0.21153834
A11: GPT-6 Astra (Non-reasoning) | B11: GPT-6 Astra | C11: none | D11: 45.169775 | E11: 1.71 | F11: 7629.7 | H11: 10 | I11: 50 | J11: 1 | K11: 7.7 | N11: 1000000 | O11: 26.55 | P11: 1471.32 | Q11: 2441 | R11: 12377780
A12: GPT-5.6 Sol (xhigh) | B12: GPT-5.6 Sol | C12: xhigh | D12: 44.138026 | E12: 1.18 | F12: 19576.3 | G12: 4.920491 | H12: 4 | I12: 20 | J12: 0.4 | K12: 3.08 | L12: 64.789183 | M12: 50.6 | N12: 1000000 | O12: 20.983333 | P12: 1434.68 | Q12: 2082 | R12: 50998357 | S12: 0.51725437
A13: GPT-5.6 Sol (high) | B13: GPT-5.6 Sol | C13: high | D13: 42.499176 | E13: 0.81 | F13: 13250 | G13: 3.2611992 | H13: 4 | I13: 20 | J13: 0.4 | K13: 3.08 | L13: 67.793564 | M13: 11.3 | N13: 1000000 | O13: 20.366667 | P13: 1360.88 | Q13: 1487 | R13: 33729509 | S13: 0.44342053
A14: GPT-5.6 Terra (max) | B14: GPT-5.6 Terra | C14: max | D14: 42.2515 | E14: 1.4 | F14: 38897.5 | G14: 5.6089558 | H14: 2 | I14: 12 | J14: 0.2 | K14: 1.74 | L14: 118.14545 | M14: 141.3 | N14: 1000000 | O14: 0.05 | P14: 1330 | Q14: 2501 | R14: 121832989 | S14: 0.66955258
A15: GPT-5.6 Sol (medium) | B15: GPT-5.6 Sol | C15: medium | D15: 39.484559 | E15: 0.5 | F15: 7874 | G15: 1.9306664 | H15: 4 | I15: 20 | J15: 0.4 | K15: 3.08 | L15: 66.725998 | M15: 5 | N15: 1000000 | O15: 19.4 | P15: 1240.36 | Q15: 997 | R15: 21267358 | S15: 0.33810002
A16: GPT-5.6 Terra (xhigh) | B16: GPT-5.6 Terra | C16: xhigh | D16: 38.185637 | E16: 0.63 | F16: 20367.3 | G16: 3.3908099 | H16: 2 | I16: 12 | J16: 0.2 | K16: 1.74 | L16: 99.516024 | M16: 24.3 | N16: 1000000 | O16: -2.9833333 | P16: 1337.28 | Q16: 1187 | R16: 51995246 | S16: 0.56520256
A17: GPT-5.6 Luna (max) | B17: GPT-5.6 Luna | C17: max | D17: 37.504849 | E17: 0.18 | F17: 41234.6 | G17: 5.6355944 | H17: 0.2 | I17: 1.2 | J17: 0.02 | K17: 0.174 | L17: 120.19788 | M17: 171.7 | N17: 1000000 | O17: -10.283333 | P17: 1339.38 | Q17: 320 | R17: 153656724 | S17: 0.68142414
A18: GPT-5.6 Luna (xhigh) | B18: GPT-5.6 Luna | C18: xhigh | D18: 34.772049 | E18: 0.09 | F18: 23624.5 | G18: 3.5298619 | H18: 0.2 | I18: 1.2 | J18: 0.02 | K18: 0.174 | L18: 113.33378 | M18: 60.2 | N18: 1000000 | O18: -10.766667 | P18: 1268.01 | Q18: 179 | R18: 85174201 | S18: 0.62321879
A19: GPT-5.6 Terra (high) | B19: GPT-5.6 Terra | C19: high | D19: 34.491006 | E19: 0.34 | F19: 11293.7 | G19: 1.9178496 | H19: 2 | I19: 12 | J19: 0.2 | K19: 1.74 | L19: 97.115466 | M19: 2.4 | N19: 1000000 | O19: -3.4666667 | P19: 1201.36 | Q19: 768 | R19: 33205685 | S19: 0.48181228
A20: GPT-5.6 Sol (low) | B20: GPT-5.6 Sol | C20: low | D20: 33.797939 | E20: 0.26 | F20: 3974.4 | G20: 0.98873224 | H20: 4 | I20: 20 | J20: 0.4 | K20: 3.08 | L20: 67.392959 | M20: 2.7 | N20: 1000000 | O20: 18.866667 | P20: 1042.06 | Q20: 637 | R20: 12646474 | S20: 0.21065735
A21: GPT-5.6 Luna (high) | B21: GPT-5.6 Luna | C21: high | D21: 32.905979 | H21: 0.2 | I21: 1.2 | J21: 0.02 | K21: 0.174 | L21: 121.56404 | M21: 13.2 | N21: 1000000 | O21: -12 | P21: 1172.84
A22: GPT-5.6 Terra (medium) | B22: GPT-5.6 Terra | C22: medium | D22: 32.758771 | H22: 2 | I22: 12 | J22: 0.2 | K22: 1.74 | L22: 93.784397 | M22: 1.6 | N22: 1000000 | O22: -5.1333333 | P22: 1041.14
A23: GPT-5.6 Terra (low) | B23: GPT-5.6 Terra | C23: low | D23: 27.876511 | H23: 2 | I23: 12 | J23: 0.2 | K23: 1.74 | L23: 93.420928 | M23: 1.6 | N23: 1000000 | O23: -6.8333333 | P23: 1014.18
A24: GPT-5.6 Luna (medium) | B24: GPT-5.6 Luna | C24: medium | D24: 25.782873 | H24: 0.2 | I24: 1.2 | J24: 0.02 | K24: 0.174 | L24: 109.57247 | M24: 2.2 | N24: 1000000 | O24: -13.183333 | P24: 933.37
A25: GPT-5.6 Terra (Non-reasoning) | B25: GPT-5.6 Terra | C25: none | D25: 22.300101 | H25: 2 | I25: 12 | J25: 0.2 | K25: 1.74 | L25: 94.89785 | M25: 0.8 | N25: 1000000 | O25: -23.216667 | P25: 946.69
A26: GPT-5.6 Luna (low) | B26: GPT-5.6 Luna | C26: low | D26: 21.834227 | H26: 0.2 | I26: 1.2 | J26: 0.02 | K26: 0.174 | L26: 120.3136 | M26: 1.8 | N26: 1000000 | O26: -14.65 | P26: 742.04
A28: Blank cells mean Artificial Analysis publishes no figure for that model; they are not zeros.
A29: "Cost / Task" is Artificial Analysis's weighted average USD per Intelligence Index task, including input, cache read/write, reasoning and answer tokens.

Sheet OpenAI vs Claude
A1: All OpenAI and Claude configurations, ranked by Intelligence Index
A2: Same source and date for both. Blank cost cells are unpublished figures, not zeros.
A4: Rank | B4: Model | C4: Vendor | D4: Intelligence Index | E4: Cost / Task ($) | F4: Index Points per $ | G4: Output Tokens / Task | H4: Tokens per Index Point | I4: Input $/M | J4: Output $/M | K4: Omniscience Index | L4: Non-Hallucination Rate | M4: Terminal-Bench (coding) | N4: AA-Briefcase Elo | O4: Long Context (AA-LCR)
A5: 1 | B5: Claude Fable 5.1 (max with fallback) | C5: Anthropic | D5: 53.373751 | E5: 7.63 | F5: 6.9952491 | G5: 78110.8 | H5: 1463.4684 | I5: 10 | J5: 50 | K5: 43.45 | L5: 0.27416073 | M5: 0.52020202 | N5: 1661.82 | O5: 0.85333333
A6: 2 | B6: Claude Fable 5.1 (xhigh with fallback) | C6: Anthropic | D6: 53.184034 | E6: 5.98 | F6: 8.8936511 | G6: 60537.6 | H6: 1138.2664 | I6: 10 | J6: 50 | K6: 42.383333 | L6: 0.29452393 | M6: 0.55050505 | N6: 1650.01 | O6: 0.83
A7: 3 | B7: GPT-6 Astra (max) | C7: OpenAI | D7: 52.814069 | E7: 3.26 | F7: 16.200635 | G7: 27205.5 | H7: 515.11842 | I7: 10 | J7: 50 | K7: 43.4 | L7: 0.48663102 | M7: 0.59090909 | N7: 1562.01 | O7: 0.80666667
A8: 4 | B8: GPT-6 Astra (xhigh) | C8: OpenAI | D8: 52.505903 | E8: 2.31 | F8: 22.729828 | G8: 16901.2 | H8: 321.89143 | I8: 10 | J8: 50 | K8: 43.416667 | L8: 0.51681957 | M8: 0.5959596 | N8: 1533.73 | O8: 0.8
A9: 5 | B9: Claude Fable 5.1 (high with fallback) | C9: Anthropic | D9: 51.209496 | E9: 3.91 | F9: 13.097058 | G9: 38054.3 | H9: 743.11022 | I9: 10 | J9: 50 | K9: 40.8 | L9: 0.31178707 | M9: 0.52020202 | N9: 1578.19 | O9: 0.83666667
A10: 6 | B10: GPT-6 Astra (high) | C10: OpenAI | D10: 51.048072 | E10: 1.72 | F10: 29.679112 | G10: 11794.9 | H10: 231.05476 | I10: 10 | J10: 50 | K10: 43.733333 | L10: 0.55231561 | M10: 0.54040404 | N10: 1493.87 | O10: 0.8
A11: 7 | B11: Claude Opus 5 (max) | C11: Anthropic | D11: 50.700187 | E11: 5.86 | F11: 8.651909 | G11: 72511.4 | H11: 1430.1999 | I11: 5 | J11: 25 | K11: 37.066667 | L11: 0.39182283 | M11: 0.48989899 | N11: 1644.9 | O11: 0.79333333
A12: 8 | B12: Claude Fable 5 (with fallback) | C12: Anthropic | D12: 49.699445 | E12: 8.75 | F12: 5.6799366 | G12: 66848.4 | H12: 1345.0532 | I12: 10 | J12: 50 | K12: 43.3 | L12: 0.36363636 | M12: 0.42424242 | N12: 1529.62 | O12: 0.82333333
A13: 9 | B13: GPT-6 Astra (medium) | C13: OpenAI | D13: 49.668536 | E13: 1.54 | F13: 32.252296 | G13: 9589.6 | H13: 193.07193 | I13: 10 | J13: 50 | K13: 42.216667 | L13: 0.53465765 | M13: 0.49494949 | N13: 1450.6 | O13: 0.79666667
A14: 10 | B14: Claude Opus 5 (xhigh) | C14: Anthropic | D14: 49.651455 | E14: 4.88 | F14: 10.174479 | G14: 60655 | H14: 1221.6158 | I14: 5 | J14: 25 | K14: 35.383333 | L14: 0.40452675 | M14: 0.46464646 | N14: 1624.56 | O14: 0.80333333
A15: 11 | B15: Claude Fable 5.1 (medium with fallback) | C15: Anthropic | D15: 49.059166 | E15: 2.98 | F15: 16.462807 | G15: 27887.6 | H15: 568.44831 | I15: 10 | J15: 50 | K15: 37.6 | L15: 0.30894309 | M15: 0.44949495 | N15: 1531.2 | O15: 0.84666667
A16: 12 | B16: Claude Opus 5 (high) | C16: Anthropic | D16: 48.237193 | E16: 3.61 | F16: 13.362103 | G16: 46239.2 | H16: 958.57982 | I16: 5 | J16: 25 | K16: 33.716667 | L16: 0.38792055 | M16: 0.45959596 | N16: 1556.66 | O16: 0.79
... A33: 29 | B33: GPT-5.6 Sol (low) | C33: OpenAI | D33: 33.797939 | E33: 0.26 | F33: 129.99207 | G33: 3974.4 | H33: 117.59297 | I33: 4 | J33: 20 | K33: 18.866667 | L33: 0.10583658 | M33: 0.01010101 | N33: 1042.06 | O33: 0.78
A34: 30 | B34: GPT-5.6 Luna (high) | C34: OpenAI | D34: 32.905979 | I34: 0.2 | J34: 1.2 | K34: -12 | L34: 0.076152305 | M34: 0.025252525 | N34: 1172.84 | O34: 0.80333333
A35: 31 | B35: GPT-5.6 Terra (medium) | C35: OpenAI | D35: 32.758771 | I35: 2 | J35: 12 | K35: -5.1333333 | L35: 0.1022864 | M35: 0.01010101 | N35: 1041.14 | O35: 0.74
A36: 32 | B36: Claude Sonnet 5 (Non-reasoning) | C36: Anthropic | D36: 28.937705 | I36: 2 | J36: 10 | K36: -0.65 | L36: 0.47960725 | O36: 0.7
A37: 33 | B37: Claude Sonnet 5 (medium) | C37: Anthropic | D37: 28.437647 | E37: 1 | F37: 28.437647 | G37: 27337.1 | H37: 961.29965 | I37: 2 | J37: 10 | K37: -6.8666667 | L37: 0.30100689 | M37: 0.02020202 | N37: 1053.88 | O37: 0.73666667
A38: 34 | B38: GPT-5.6 Terra (low) | C38: OpenAI | D38: 27.876511 | I38: 2 | J38: 12 | K38: -6.8333333 | L38: 0.10130332 | M38: 0.015151515 | N38: 1014.18 | O38: 0.71333333
A39: 35 | B39: GPT-5.6 Luna (medium) | C39: OpenAI | D39: 25.782873 | I39: 0.2 | J39: 1.2 | K39: -13.183333 | L39: 0.091343451 | M39: 0.0050505051 | N39: 933.37 | O39: 0.75
A40: 36 | B40: Claude Sonnet 5 (low) | C40: Anthropic | D40: 24.742614 | E40: 0.51 | F40: 48.51493 | G40: 15168.4 | H40: 613.04759 | I40: 2 | J40: 10 | K40: -8.2333333 | L40: 0.27241288 | M40: 0.025252525 | N40: 927.41 | O40: 0.67333333
A41: 37 | B41: GPT-5.6 Terra (Non-reasoning) | C41: OpenAI | D41: 22.300101 | I41: 2 | J41: 12 | K41: -23.216667 | L41: 0.04985492 | N41: 946.69 | O41: 0.58666667
A42: 38 | B42: GPT-5.6 Luna (low) | C42: OpenAI | D42: 21.834227 | I42: 0.2 | J42: 1.2 | K42: -14.65 | L42: 0.10129727 | M42: 0 | N42: 742.04 | O42: 0.7
A44: Green rows are OpenAI, peach rows are Claude.
A45: Index points per dollar is the headline efficiency number: how much measured capability each dollar buys.
A46: Prices are API list prices. Neither a ChatGPT nor a Claude subscription bills per token, so treat cost as a proxy for how fast you burn your allowance.

Sheet Efficiency
A1: Cost- and token-efficiency, derived by formula from the Model Data tab | M1: Reference points
A2: Every number here is a live formula. Change an input on Model Data and these update. | M2: Best Intelligence Index | N2: =MAX($B$5:$B$26) -> 52.814069
M3: Cheapest cost / task ($) | N3: =_xlfn.MINIFS($C$5:$C$26,$C$5:$C$26,">0") -> 0.09
A4: Model | B4: Intelligence Index | C4: Cost / Task ($) | D4: Index Points per $ | E4: Cost per Index Point ($) | F4: Output Tokens / Task | G4: Tokens per Index Point | H4: Effective $ / 1k Output Tokens | I4: Cost vs. Cheapest (x) | J4: Index Points Lost vs. Best | K4: Cost Premium per Point Gained ($) | M4: Index of that cheapest option | N4: =INDEX($B$5:$B$26,MATCH($N$3,$C$5:$C$26,0)) -> 34.772049
A5: ='Model Data'!A5 -> GPT-6 Astra (max) | B5: =IF('Model Data'!D5="","",'Model Data'!D5) -> 52.814069 | C5: =IF('Model Data'!E5="","",'Model Data'!E5) -> 3.26 | D5: =IFERROR(B5/C5,"") -> 16.200635 | E5: =IFERROR(C5/B5,"") -> 0.061725976 | F5: =IF('Model Data'!F5="","",'Model Data'!F5) -> 27205.5 | G5: =IFERROR(F5/B5,"") -> 515.11842 | H5: =IFERROR(C5/F5*1000,"") -> 0.11982871 | I5: =IFERROR(C5/$N$3,"") -> 36.222222 | J5: =IFERROR($N$2-B5,"") -> 0 | K5: =IF(OR(C5="",B5-$N$4<=0),"",(C5-$N$3)/(B5-$N$4)) -> 0.17570094
A6: ='Model Data'!A6 -> GPT-6 Astra (xhigh) | B6: =IF('Model Data'!D6="","",'Model Data'!D6) -> 52.505903 | C6: =IF('Model Data'!E6="","",'Model Data'!E6) -> 2.31 | D6: =IFERROR(B6/C6,"") -> 22.729828 | E6: =IFERROR(C6/B6,"") -> 0.043995054 | F6: =IF('Model Data'!F6="","",'Model Data'!F6) -> 16901.2 | G6: =IFERROR(F6/B6,"") -> 321.89143 | H6: =IFERROR(C6/F6*1000,"") -> 0.13667669 | I6: =IFERROR(C6/$N$3,"") -> 25.666667 | J6: =IFERROR($N$2-B6,"") -> 0.30816668 | K6: =IF(OR(C6="",B6-$N$4<=0),"",(C6-$N$3)/(B6-$N$4)) -> 0.1251843
A7: ='Model Data'!A7 -> GPT-6 Astra (high) | B7: =IF('Model Data'!D7="","",'Model Data'!D7) -> 51.048072 | C7: =IF('Model Data'!E7="","",'Model Data'!E7) -> 1.72 | D7: =IFERROR(B7/C7,"") -> 29.679112 | E7: =IFERROR(C7/B7,"") -> 0.033693731 | F7: =IF('Model Data'!F7="","",'Model Data'!F7) -> 11794.9 | G7: =IFERROR(F7/B7,"") -> 231.05476 | H7: =IFERROR(C7/F7*1000,"") -> 0.14582574 | I7: =IFERROR(C7/$N$3,"") -> 19.111111 | J7: =IFERROR($N$2-B7,"") -> 1.7659972 | K7: =IF(OR(C7="",B7-$N$4<=0),"",(C7-$N$3)/(B7-$N$4)) -> 0.10014731
A8: ='Model Data'!A8 -> GPT-6 Astra (medium) | B8: =IF('Model Data'!D8="","",'Model Data'!D8) -> 49.668536 | C8: =IF('Model Data'!E8="","",'Model Data'!E8) -> 1.54 | D8: =IFERROR(B8/C8,"") -> 32.252296 | E8: =IFERROR(C8/B8,"") -> 0.031005544 | F8: =IF('Model Data'!F8="","",'Model Data'!F8) -> 9589.6 | G8: =IFERROR(F8/B8,"") -> 193.07193 | H8: =IFERROR(C8/F8*1000,"") -> 0.16059064 | I8: =IFERROR(C8/$N$3,"") -> 17.111111 | J8: =IFERROR($N$2-B8,"") -> 3.1455331 | K8: =IF(OR(C8="",B8-$N$4<=0),"",(C8-$N$3)/(B8-$N$4)) -> 0.097338383
A9: ='Model Data'!A9 -> GPT-5.6 Sol (max) | B9: =IF('Model Data'!D9="","",'Model Data'!D9) -> 47.061357 | C9: =IF('Model Data'!E9="","",'Model Data'!E9) -> 1.99 | D9: =IFERROR(B9/C9,"") -> 23.648923 | E9: =IFERROR(C9/B9,"") -> 0.042285224 | F9: =IF('Model Data'!F9="","",'Model Data'!F9) -> 29309.4 | G9: =IFERROR(F9/B9,"") -> 622.79122 | H9: =IFERROR(C9/F9*1000,"") -> 0.067896306 | I9: =IFERROR(C9/$N$3,"") -> 22.111111 | J9: =IFERROR($N$2-B9,"") -> 5.7527125 | K9: =IF(OR(C9="",B9-$N$4<=0),"",(C9-$N$3)/(B9-$N$4)) -> 0.15460594
A10: ='Model Data'!A10 -> GPT-6 Astra (low) | B10: =IF('Model Data'!D10="","",'Model Data'!D10) -> 45.994499 | C10: =IF('Model Data'!E10="","",'Model Data'!E10) -> 0.82 | D10: =IFERROR(B10/C10,"") -> 56.090853 | E10: =IFERROR(C10/B10,"") -> 0.017828219 | F10: =IF('Model Data'!F10="","",'Model Data'!F10) -> 4432.7 | G10: =IFERROR(F10/B10,"") -> 96.374568 | H10: =IFERROR(C10/F10*1000,"") -> 0.18498883 | I10: =IFERROR(C10/$N$3,"") -> 9.1111111 | J10: =IFERROR($N$2-B10,"") -> 6.8195701 | K10: =IF(OR(C10="",B10-$N$4<=0),"",(C10-$N$3)/(B10-$N$4)) -> 0.065048182
A11: ='Model Data'!A11 -> GPT-6 Astra (Non-reasoning) | B11: =IF('Model Data'!D11="","",'Model Data'!D11) -> 45.169775 | C11: =IF('Model Data'!E11="","",'Model Data'!E11) -> 1.71 | D11: =IFERROR(B11/C11,"") -> 26.415073 | E11: =IFERROR(C11/B11,"") -> 0.037857173 | F11: =IF('Model Data'!F11="","",'Model Data'!F11) -> 7629.7 | G11: =IFERROR(F11/B11,"") -> 168.91162 | H11: =IFERROR(C11/F11*1000,"") -> 0.22412415 | I11: =IFERROR(C11/$N$3,"") -> 19 | J11: =IFERROR($N$2-B11,"") -> 7.6442943 | K11: =IF(OR(C11="",B11-$N$4<=0),"",(C11-$N$3)/(B11-$N$4)) -> 0.15580329
A12: ='Model Data'!A12 -> GPT-5.6 Sol (xhigh) | B12: =IF('Model Data'!D12="","",'Model Data'!D12) -> 44.138026 | C12: =IF('Model Data'!E12="","",'Model Data'!E12) -> 1.18 | D12: =IFERROR(B12/C12,"") -> 37.405107 | E12: =IFERROR(C12/B12,"") -> 0.026734317 | F12: =IF('Model Data'!F12="","",'Model Data'!F12) -> 19576.3 | G12: =IFERROR(F12/B12,"") -> 443.52459 | H12: =IFERROR(C12/F12*1000,"") -> 0.060276968 | I12: =IFERROR(C12/$N$3,"") -> 13.111111 | J12: =IFERROR($N$2-B12,"") -> 8.676043 | K12: =IF(OR(C12="",B12-$N$4<=0),"",(C12-$N$3)/(B12-$N$4)) -> 0.11637867
A13: ='Model Data'!A13 -> GPT-5.6 Sol (high) | B13: =IF('Model Data'!D13="","",'Model Data'!D13) -> 42.499176 | C13: =IF('Model Data'!E13="","",'Model Data'!E13) -> 0.81 | D13: =IFERROR(B13/C13,"") -> 52.468119 | E13: =IFERROR(C13/B13,"") -> 0.019059193 | F13: =IF('Model Data'!F13="","",'Model Data'!F13) -> 13250 | G13: =IFERROR(F13/B13,"") -> 311.77075 | H13: =IFERROR(C13/F13*1000,"") -> 0.061132075 | I13: =IFERROR(C13/$N$3,"") -> 9 | J13: =IFERROR($N$2-B13,"") -> 10.314893 | K13: =IF(OR(C13="",B13-$N$4<=0),"",(C13-$N$3)/(B13-$N$4)) -> 0.093178225
A14: ='Model Data'!A14 -> GPT-5.6 Terra (max) | B14: =IF('Model Data'!D14="","",'Model Data'!D14) -> 42.2515 | C14: =IF('Model Data'!E14="","",'Model Data'!E14) -> 1.4 | D14: =IFERROR(B14/C14,"") -> 30.179643 | E14: =IFERROR(C14/B14,"") -> 0.033134918 | F14: =IF('Model Data'!F14="","",'Model Data'!F14) -> 38897.5 | G14: =IFERROR(F14/B14,"") -> 920.61821 | H14: =IFERROR(C14/F14*1000,"") -> 0.03599203 | I14: =IFERROR(C14/$N$3,"") -> 15.555556 | J14: =IFERROR($N$2-B14,"") -> 10.56257 | K14: =IF(OR(C14="",B14-$N$4<=0),"",(C14-$N$3)/(B14-$N$4)) -> 0.17514654
A15: ='Model Data'!A15 -> GPT-5.6 Sol (medium) | B15: =IF('Model Data'!D15="","",'Model Data'!D15) -> 39.484559 | C15: =IF('Model Data'!E15="","",'Model Data'!E15) -> 0.5 | D15: =IFERROR(B15/C15,"") -> 78.969117 | E15: =IFERROR(C15/B15,"") -> 0.012663178 | F15: =IF('Model Data'!F15="","",'Model Data'!F15) -> 7874 | G15: =IFERROR(F15/B15,"") -> 199.41973 | H15: =IFERROR(C15/F15*1000,"") -> 0.063500127 | I15: =IFERROR(C15/$N$3,"") -> 5.5555556 | J15: =IFERROR($N$2-B15,"") -> 13.329511 | K15: =IF(OR(C15="",B15-$N$4<=0),"",(C15-$N$3)/(B15-$N$4)) -> 0.087002472
A16: ='Model Data'!A16 -> GPT-5.6 Terra (xhigh) | B16: =IF('Model Data'!D16="","",'Model Data'!D16) -> 38.185637 | C16: =IF('Model Data'!E16="","",'Model Data'!E16) -> 0.63 | D16: =IFERROR(B16/C16,"") -> 60.612122 | E16: =IFERROR(C16/B16,"") -> 0.01649835 | F16: =IF('Model Data'!F16="","",'Model Data'!F16) -> 20367.3 | G16: =IFERROR(F16/B16,"") -> 533.37594 | H16: =IFERROR(C16/F16*1000,"") -> 0.030931935 | I16: =IFERROR(C16/$N$3,"") -> 7 | J16: =IFERROR($N$2-B16,"") -> 14.628432 | K16: =IF(OR(C16="",B16-$N$4<=0),"",(C16-$N$3)/(B16-$N$4)) -> 0.15819131
... A26: ='Model Data'!A26 -> GPT-5.6 Luna (low) | B26: =IF('Model Data'!D26="","",'Model Data'!D26) -> 21.834227 | C26: =IF('Model Data'!E26="","",'Model Data'!E26) | D26: =IFERROR(B26/C26,"") | E26: =IFERROR(C26/B26,"") | F26: =IF('Model Data'!F26="","",'Model Data'!F26) | G26: =IFERROR(F26/B26,"") | H26: =IFERROR(C26/F26*1000,"") | I26: =IFERROR(C26/$N$3,"") | J26: =IFERROR($N$2-B26,"") -> 30.979842 | K26: =IF(OR(C26="",B26-$N$4<=0),"",(C26-$N$3)/(B26-$N$4))
A28: How to read these columns:
A29: Index Points per $ — raw efficiency. Higher means more measured capability per dollar spent.
A30: Cost per Index Point — the same thing inverted; easier to compare small differences.
A31: Tokens per Index Point — how many output tokens the model burns to earn one point of score.
A32: Cost Premium per Point Gained — marginal cost of the extra accuracy over the cheapest option here.
A33: Cost vs. Cheapest — how many times more expensive than the cheapest configuration in this set.

Sheet Benchmarks
A1: Per-evaluation scores (the components behind the Intelligence Index)
A2: Blank means Artificial Analysis has not published a score for that model on that evaluation. Scores are fractions shown as percentages, except AA-Briefcase and GDPval (Elo-derived) and Omniscience Index.
A4: Model | B4: Family | C4: Effort | D4: Intelligence Index | E4: AA-Briefcase | F4: GDPval-AA v2 | G4: AutomationBench-AA | H4: Terminal-Bench v4.0 | I4: SciCode | J4: Humanity's Last Exam | K4: GDP.pdf | L4: CritPt | M4: AA-Omniscience Accuracy | N4: AA-Omniscience Non-Hallucination Rate | O4: AA-LCR v1.1 | P4: Harvey LAB-AA | Q4: EnterpriseOps-Gym-AA | R4: AA-AnalystAgent | S4: IFBench | T4: 𝜏³-Banking | U4: MMMU-Pro
A5: GPT-6 Astra (max) | B5: GPT-6 Astra | C5: max | D5: 52.814069 | E5: 0.531005 | F5: 0.5401 | G5: 0.68491748 | H5: 0.59090909 | I5: 0.56481481 | J5: 0.54680259 | K5: 0.31 | L5: 0.31714286 | M5: 0.626 | N5: 0.48663102 | O5: 0.80666667 | R5: 0.5125 | T5: 0.41443299 | U5: 0.86878613
A6: GPT-6 Astra (xhigh) | B6: GPT-6 Astra | C6: xhigh | D6: 52.505903 | E6: 0.516865 | F6: 0.527615 | G6: 0.6717778 | H6: 0.5959596 | I6: 0.55671296 | J6: 0.54587581 | K6: 0.322 | L6: 0.31428571 | M6: 0.6185 | N6: 0.51681957 | O6: 0.8 | T6: 0.43092784 | U6: 0.86242775
A7: GPT-6 Astra (high) | B7: GPT-6 Astra | C7: high | D7: 51.048072 | E7: 0.496935 | F7: 0.51485 | G7: 0.66612217 | H7: 0.54040404 | I7: 0.55439815 | J7: 0.53058387 | K7: 0.31 | L7: 0.28857143 | M7: 0.61133333 | N7: 0.55231561 | O7: 0.8 | T7: 0.4 | U7: 0.86416185
A8: GPT-6 Astra (medium) | B8: GPT-6 Astra | C8: medium | D8: 49.668536 | E8: 0.4753 | F8: 0.500335 | G8: 0.64594989 | H8: 0.49494949 | I8: 0.54166667 | J8: 0.52734013 | K8: 0.304 | L8: 0.29142857 | M8: 0.60566667 | N8: 0.53465765 | O8: 0.79666667 | T8: 0.35463918 | U8: 0.85086705
A9: GPT-5.6 Sol (max) | B9: GPT-5.6 Sol | C9: max | D9: 47.061357 | E9: 0.4875 | F9: 0.562055 | G9: 0.6008115 | H9: 0.3989899 | I9: 0.57060185 | J9: 0.49490269 | K9: 0.272 | L9: 0.32285714 | M9: 0.594 | N9: 0.077996716 | O9: 0.84 | P9: 0.87176147 | Q9: 0.42912563 | R9: 0.475 | S9: 0.72653061 | T9: 0.44329897 | U9: 0.83410405
A10: GPT-6 Astra (low) | B10: GPT-6 Astra | C10: low | D10: 45.994499 | E10: 0.37655 | F10: 0.459645 | G10: 0.59096726 | H10: 0.41919192 | I10: 0.54050926 | J10: 0.49212234 | K10: 0.304 | L10: 0.26285714 | M10: 0.59533333 | N10: 0.53088962 | O10: 0.8 | T10: 0.31958763 | U10: 0.84624277
A11: GPT-6 Astra (Non-reasoning) | B11: GPT-6 Astra | C11: none | D11: 45.169775 | E11: 0.48566 | F11: 0.521295 | G11: 0.61772243 | H11: 0.50505051 | I11: 0.53472222 | J11: 0.37117702 | K11: 0.268 | L11: 0.19714286 | M11: 0.556 | N11: 0.34572072 | O11: 0.70666667 | T11: 0.37113402 | U11: 0.82023121
A12: GPT-5.6 Sol (xhigh) | B12: GPT-5.6 Sol | C12: xhigh | D12: 44.138026 | E12: 0.46734 | F12: 0.54244 | G12: 0.55311673 | H12: 0.24747475 | I12: 0.57060185 | J12: 0.47312326 | K12: 0.276 | L12: 0.28571429 | M12: 0.58816667 | N12: 0.081343586 | O12: 0.82333333 | S12: 0.71020408 | T12: 0.3814433 | U12: 0.8265896
A13: GPT-5.6 Sol (high) | B13: GPT-5.6 Sol | C13: high | D13: 42.499176 | E13: 0.43044 | F13: 0.512005 | G13: 0.55312204 | H13: 0.20707071 | I13: 0.5775463 | J13: 0.46014829 | K13: 0.278 | L13: 0.25714286 | M13: 0.5835 | N13: 0.088035214 | O13: 0.81666667 | S13: 0.69183673 | T13: 0.36701031 | U13: 0.81849711
A14: GPT-5.6 Terra (max) | B14: GPT-5.6 Terra | C14: max | D14: 42.2515 | E14: 0.415 | F14: 0.48848 | G14: 0.59649958 | H14: 0.35353535 | I14: 0.54976852 | J14: 0.42910102 | K14: 0.24 | L14: 0.3 | M14: 0.468 | N14: 0.1212406 | O14: 0.83 | P14: 0.85178752 | Q14: 0.38495971 | S14: 0.7122449 | T14: 0.40206186 | U14: 0.80693642
A15: GPT-5.6 Sol (medium) | B15: GPT-5.6 Sol | C15: medium | D15: 39.484559 | E15: 0.37018 | F15: 0.47805 | G15: 0.51327512 | H15: 0.14646465 | I15: 0.57407407 | J15: 0.42215014 | K15: 0.262 | L15: 0.22857143 | M15: 0.5775 | N15: 0.092307692 | O15: 0.80333333 | S15: 0.69591837 | T15: 0.36494845 | U15: 0.81387283
A16: GPT-5.6 Terra (xhigh) | B16: GPT-5.6 Terra | C16: xhigh | D16: 38.185637 | E16: 0.41864 | F16: 0.4893 | G16: 0.47136313 | H16: 0.1010101 | I16: 0.52314815 | J16: 0.41890639 | K16: 0.246 | L16: 0.27142857 | M16: 0.45516667 | N16: 0.10981952 | O16: 0.79 | S16: 0.66258503 | T16: 0.29690722 | U16: 0.79479769
A17: GPT-5.6 Luna (max) | B17: GPT-5.6 Luna | C17: max | D17: 37.504849 | E17: 0.41969 | F17: 0.494665 | G17: 0.50208618 | H17: 0.11616162 | I17: 0.53587963 | J17: 0.39481001 | K17: 0.24 | L17: 0.20571429 | M17: 0.42733333 | N17: 0.074214203 | O17: 0.83666667 | P17: 0.87899841 | Q17: 0.40823635 | T17: 0.31134021 | U17: 0.78554913
A18: GPT-5.6 Luna (xhigh) | B18: GPT-5.6 Luna | C18: xhigh | D18: 34.772049 | E18: 0.384005 | F18: 0.464235 | G18: 0.42597767 | H18: 0.035353535 | I18: 0.50462963 | J18: 0.36978684 | K18: 0.238 | L18: 0.20571429 | M18: 0.4245 | N18: 0.075296843 | O18: 0.81666667 | T18: 0.28659794 | U18: 0.78554913
A19: GPT-5.6 Terra (high) | B19: GPT-5.6 Terra | C19: high | D19: 34.491006 | E19: 0.35068 | F19: 0.45768 | G19: 0.42020383 | H19: 0.015151515 | I19: 0.52430556 | J19: 0.38507878 | K19: 0.208 | L19: 0.22857143 | M19: 0.45483333 | N19: 0.10210945 | O19: 0.77666667 | S19: 0.64421769 | T19: 0.28659794 | U19: 0.79075145
A20: GPT-5.6 Sol (low) | B20: GPT-5.6 Sol | C20: low | D20: 33.797939 | E20: 0.27103 | F20: 0.427425 | G20: 0.4098567 | H20: 0.01010101 | I20: 0.56365741 | J20: 0.39388323 | K20: 0.21 | L20: 0.14857143 | M20: 0.57166667 | N20: 0.10583658 | O20: 0.78 | S20: 0.66530612 | T20: 0.29072165 | U20: 0.80982659
A21: GPT-5.6 Luna (high) | B21: GPT-5.6 Luna | C21: high | D21: 32.905979 | E21: 0.33642 | F21: 0.43814 | G21: 0.35587943 | H21: 0.025252525 | I21: 0.5162037 | J21: 0.33410565 | L21: 0.16571429 | M21: 0.41783333 | N21: 0.076152305 | O21: 0.80333333 | T21: 0.25154639 | U21: 0.77572254
A22: GPT-5.6 Terra (medium) | B22: GPT-5.6 Terra | C22: medium | D22: 32.758771 | E22: 0.27057 | F22: 0.409685 | G22: 0.3353604 | H22: 0.01010101 | I22: 0.50462963 | J22: 0.33271548 | L22: 0.17428571 | M22: 0.446 | N22: 0.1022864 | O22: 0.74 | S22: 0.62176871 | T22: 0.2556701 | U22: 0.76763006
A23: GPT-5.6 Terra (low) | B23: GPT-5.6 Terra | C23: low | D23: 27.876511 | E23: 0.25709 | F23: 0.33961 | G23: 0.29106376 | H23: 0.015151515 | I23: 0.49884259 | J23: 0.29193698 | L23: 0.094285714 | M23: 0.43733333 | N23: 0.10130332 | O23: 0.71333333 | S23: 0.59659864 | T23: 0.18762887 | U23: 0.76127168
A24: GPT-5.6 Luna (medium) | B24: GPT-5.6 Luna | C24: medium | D24: 25.782873 | E24: 0.216685 | F24: 0.34821 | G24: 0.23074539 | H24: 0.0050505051 | I24: 0.46759259 | J24: 0.25764597 | L24: 0.048571429 | M24: 0.407 | N24: 0.091343451 | O24: 0.75 | T24: 0.17731959 | U24: 0.7583815
A25: GPT-5.6 Terra (Non-reasoning) | B25: GPT-5.6 Terra | C25: none | D25: 22.300101 | E25: 0.223345 | F25: 0.334315 | J25: 0.11399444 | L25: 0.02 | M25: 0.36816667 | N25: 0.04985492 | O25: 0.58666667 | T25: 0.15670103 | U25: 0.66705202
A26: GPT-5.6 Luna (low) | B26: GPT-5.6 Luna | C26: low | D26: 21.834227 | E26: 0.12102 | F26: 0.290895 | G26: 0.11692162 | H26: 0 | I26: 0.46064815 | J26: 0.19833179 | L26: 0.025714286 | M26: 0.39616667 | N26: 0.10129727 | O26: 0.7 | T26: 0.12783505 | U26: 0.73988439

Sheet Cost Breakdown
A1: Where the money and the tokens go, per Intelligence Index task
A2: Cost segments sum to Cost / Task. Token segments are output tokens only (answer + reasoning).
A4: Model | B4: Cost / Task ($) | C4: Answer ($) | D4: Reasoning ($) | E4: Cache Write ($) | F4: Cache Hit ($) | G4: Input ($) | H4: Answer Tokens | I4: Reasoning Tokens | J4: Reasoning Share
A5: GPT-6 Astra (max) | B5: 3.26 | C5: 0.52571334 | D5: 0.8345619 | E5: 0.7009343 | F5: 0.98129038 | G5: 0.21500039 | H5: 10514.267 | I5: 16691.238 | J5: 0.6135244
A6: GPT-6 Astra (xhigh) | B6: 2.31 | C6: 0.4159347 | D6: 0.42912435 | E6: 0.52298027 | F6: 0.7237054 | G6: 0.21705119 | H6: 8318.6939 | I6: 8582.487 | J6: 0.50780341
A7: GPT-6 Astra (high) | B7: 1.72 | C7: 0.35436016 | D7: 0.23538282 | E7: 0.41288446 | F7: 0.50186554 | G7: 0.21694027 | H7: 7087.2032 | I7: 4707.6564 | J7: 0.39912644
A8: GPT-6 Astra (medium) | B8: 1.54 | C8: 0.30839499 | D8: 0.17108504 | E8: 0.3638549 | F8: 0.48044513 | G8: 0.21686925 | H8: 6167.8999 | I8: 3421.7008 | J8: 0.35681371
A9: GPT-5.6 Sol (max) | B9: 1.99 | C9: 0.24057858 | D9: 0.3456089 | E9: 0.32636587 | F9: 0.98983412 | G9: 0.086067911 | H9: 12028.929 | I9: 17280.445 | J9: 0.58958713
A10: GPT-6 Astra (low) | B10: 0.82 | C10: 0.17475314 | D10: 0.046884301 | E10: 0.1939423 | F10: 0.18536249 | G10: 0.21657169 | H10: 3495.0628 | I10: 937.68602 | J10: 0.21153834
A11: GPT-6 Astra (Non-reasoning) | B11: 1.71 | C11: 0.38148712 | D11: 0 | E11: 0.40507017 | F11: 0.70827058 | G11: 0.21712429 | H11: 7629.7424 | I11: 0
A12: GPT-5.6 Sol (xhigh) | B12: 1.18 | C12: 0.18900792 | D12: 0.20251853 | E12: 0.25520261 | F12: 0.45489011 | G12: 0.082743758 | H12: 9450.396 | I12: 10125.927 | J12: 0.51725437
A13: GPT-5.6 Sol (high) | B13: 0.81 | C13: 0.14749305 | D13: 0.11750644 | E13: 0.18375756 | F13: 0.27762926 | G13: 0.081596377 | H13: 7374.6526 | I13: 5875.3221 | J13: 0.44342053
A14: GPT-5.6 Terra (max) | B14: 1.4 | C14: 0.15424251 | D14: 0.31252706 | E14: 0.22700783 | F14: 0.65954912 | G14: 0.045397047 | H14: 12853.542 | I14: 26043.922 | J14: 0.66955258
A15: GPT-5.6 Sol (medium) | B15: 0.5 | C15: 0.10423666 | D15: 0.053243992 | E15: 0.11775035 | F15: 0.14820552 | G15: 0.081556111 | H15: 5211.833 | I15: 2662.1996 | J15: 0.33810002
A16: GPT-5.6 Terra (xhigh) | B16: 0.63 | C16: 0.10626837 | D16: 0.1381398 | E16: 0.12775077 | F16: 0.21824574 | G16: 0.041386451 | H16: 8855.6975 | I16: 11511.65 | J16: 0.56520256
A17: GPT-5.6 Luna (max) | B17: 0.18 | C17: 0.015763605 | D17: 0.033717902 | E17: 0.026430496 | F17: 0.097744681 | G17: 0.0046405766 | H17: 13136.338 | I17: 28098.252 | J17: 0.68142414
A18: GPT-5.6 Luna (xhigh) | B18: 0.09 | C18: 0.01068156 | D18: 0.017667879 | E18: 0.014966853 | F18: 0.037834157 | G18: 0.0041923575 | H18: 8901.2997 | I18: 14723.232 | J18: 0.62321879
A19: GPT-5.6 Terra (high) | B19: 0.34 | C19: 0.070226604 | D19: 0.06529732 | E19: 0.074064844 | F19: 0.08693475 | G19: 0.041349276 | H19: 5852.217 | I19: 5441.4433 | J19: 0.48181228
A20: GPT-5.6 Sol (low) | B20: 0.26 | C20: 0.062743234 | D20: 0.016744732 | E20: 0.059905779 | F20: 0.039762391 | G20: 0.081485809 | H20: 3137.1617 | I20: 837.23659 | J20: 0.21065735
A21: GPT-5.6 Luna (high)
A22: GPT-5.6 Terra (medium)
A23: GPT-5.6 Terra (low)
A24: GPT-5.6 Luna (medium)
A25: GPT-5.6 Terra (Non-reasoning)
A26: GPT-5.6 Luna (low)

Sheet Method & Sources
A1: Method & sources
A3: Data source
A4: Artificial Analysis model comparison page, filtered to the 22 OpenAI / ChatGPT model / reasoning-effort configurations.
A5: https://artificialanalysis.ai/models
A6: Captured: 8 September 2026. Intelligence Index version: v4.3.
A8: How the numbers were obtained
A9: The site gates CSV download behind a paid plan, so the figures here were read from the underlying values
A10: of the public charts themselves, not retyped from pixels. Every value was cross-checked against the label
A11: the chart prints for that bar; Intelligence Index and Cost per Task matched on all 16 models with no exceptions.
A13: What the key metrics mean (Artificial Analysis definitions)
A14: Intelligence Index v4.3 — composite of 10 evaluations: AA-Briefcase, GDPval-AA v2, AutomationBench-AA,
A15: Terminal-Bench v4.0, SciCode, Humanity's Last Exam, GDP.pdf, CritPt, AA-Omniscience, AA-LCR v1.1.
... A28: 5. Index scores carry measurement noise; differences under roughly one point should not drive a decision.
